assigned_to,Mathematical,Shape(s) is closed,Labeled angles (if any) match drawn angle,Applicable - Labeled angles (if any) match drawn angle,Labeled lengths and areas (if any) match visual proportions,Applicable - Labeled lengths and areas (if any) match visual proportions,Core math properties of the shape(s) are correct,Spatial,Diagram is fully in frame,Diagram elements are scaled to be readable,Labels (if any) are associated with correct elements,Applicable - Labels (if any) are associated with correct elements,Diagram elements don't problematically overlap,prompt,subcategory,image,tikz
All (IRR),,Yes,No,N/A,No,,Yes,,Yes,Yes,Yes,,Yes,"two triangles side by side, Triangle ABC with sides 4, 5, 6 and Triangle DEF with sides 6, 7.5, unknown",triangle,https://2xavun1dsa0sayar.public.blob.vercel-storage.com/visuals/vis_final-NmKanmSTok2qpIqsAtGqJ7Y71b71V4.svg,"\documentclass{IM}
\usepackage{tikz}
\begin{document}
\begin{tikzpicture}[x=0.8in,y=0.8in]

% Triangle ABC
\begin{scope}[xshift=0in]
\draw (0,0) node[vertex,label=225:$A$] (A) {};
\draw (2.5,0) node[vertex,label=315:$B$] (B) {};
\draw (1.25,2.165) node[vertex,label=90:$C$] (C) {};

\draw [line width = 1pt] (A.center)--(B.center) node[midway,below] {6} 
                          (B.center)--(C.center) node[midway,right] {5} 
                          (C.center)--(A.center) node[midway,left] {4};

\draw (A) node[vertex]{};
\draw (B) node[vertex]{};
\draw (C) node[vertex]{};
\end{scope}

% Triangle DEF  
\begin{scope}[xshift=4in]
\draw (0,0) node[vertex,label=225:$D$] (D) {};
\draw (3.75,0) node[vertex,label=315:$E$] (E) {};
\draw (1.875,3.247) node[vertex,label=90:$F$] (F) {};

\draw [line width = 1pt] (D.center)--(E.center) node[midway,below] {6} 
                          (E.center)--(F.center) node[midway,right] {7.5} 
                          (F.center)--(D.center) node[midway,left] {?};

\draw (D) node[vertex]{};
\draw (E) node[vertex]{};
\draw (F) node[vertex]{};
\end{scope}

\end{tikzpicture}
\end{document}"
All (IRR),,Yes,No,N/A,No,N/A,Yes,,Yes,Yes,Yes,,No,"triangle rotated sideways on grid, scalene triangle oriented with vertex pointing left, show 3 different heights perpendicular to each side, label h1 h2 h3",triangle,https://2xavun1dsa0sayar.public.blob.vercel-storage.com/visuals/vis_final-puF96PK03PIh0dwZyzoGuUz0rf1jYn.svg,"\documentclass{IM}
\usepackage{tikz}
\begin{document}

\begin{tikzpicture}[x=0.5cm,y=0.5cm]

% Draw grid
\draw[help lines, step=0.5] (-2,-3) grid (6,4);

% Define triangle vertices (scalene triangle with vertex pointing left)
\coordinate (A) at (-1,1);  % Left vertex
\coordinate (B) at (4,3);   % Top right vertex  
\coordinate (C) at (3,-2);  % Bottom right vertex

% Draw triangle
\draw[thick, fill=LBlue, opacity=0.3] (A) -- (B) -- (C) -- cycle;

% Draw vertices
\node[vertex] at (A) {};
\node[vertex] at (B) {};
\node[vertex] at (C) {};

% Height from A to side BC (h1)
% First find the foot of perpendicular from A to BC
\coordinate (H1) at ($(B)!(A)!(C)$);
\draw[dashed, thick, red] (A) -- (H1);
\draw[line width=1pt] (H1) ++(-0.15,-0.1) rectangle ++(0.3,0.2);
\node[red] at ($(A)!0.5!(H1) + (0.3,0)$) {$h_1$};

% Height from B to side AC (h2)  
% Find the foot of perpendicular from B to AC
\coordinate (H2) at ($(A)!(B)!(C)$);
\draw[dashed, thick, blue] (B) -- (H2);
\draw[line width=1pt] (H2) ++(-0.1,-0.15) rectangle ++(0.2,0.3);
\node[blue] at ($(B)!0.5!(H2) + (-0.4,0.2)$) {$h_2$};

% Height from C to side AB (h3)
% Find the foot of perpendicular from C to AB  
\coordinate (H3) at ($(A)!(C)!(B)$);
\draw[dashed, thick, green!60!black] (C) -- (H3);
\draw[line width=1pt] (H3) ++(-0.15,-0.1) rectangle ++(0.3,0.2);
\node[green!60!black] at ($(C)!0.5!(H3) + (0.4,-0.3)$) {$h_3$};

% Extend sides slightly for clarity
\draw[thick] (A) -- (B);
\draw[thick] (B) -- (C);  
\draw[thick] (C) -- (A);

\end{tikzpicture}

\end{document}"
All (IRR),,Yes,No,N/A,No,N/A,Yes,,No,Yes,Yes,,Yes,"triangle PQR with point Q marked, showing rotation pattern",triangle,https://2xavun1dsa0sayar.public.blob.vercel-storage.com/visuals/vis_final-OqLEbul0xA8HCR76lxaVLAJwniG01I.svg,"\documentclass{IM}
\usepackage{tikz}
\begin{document}

\begin{tikzpicture}[x=1in,y=1in]
\clip(-2,-1.5) rectangle (2,1.5);

% Original triangle PQR
\draw[thick] (-1.5,-0.5) -- (1,1) -- (0.5,-1) -- cycle;

% Mark point Q with a filled circle
\fill (1,1) circle (0.08);
\node[above right] at (1,1) {Q};

% Label other vertices
\node[below left] at (-1.5,-0.5) {P};
\node[below right] at (0.5,-1) {R};

% Show rotation pattern with arrows and rotated positions
% 90° rotation around Q
\begin{scope}[rotate around={90:(1,1)}]
\draw[dashed, blue] (-1.5,-0.5) -- (1,1) -- (0.5,-1) -- cycle;
\end{scope}

% 180° rotation around Q
\begin{scope}[rotate around={180:(1,1)}]
\draw[dotted, red] (-1.5,-0.5) -- (1,1) -- (0.5,-1) -- cycle;
\end{scope}

% 270° rotation around Q
\begin{scope}[rotate around={270:(1,1)}]
\draw[dash dot, green] (-1.5,-0.5) -- (1,1) -- (0.5,-1) -- cycle;
\end{scope}

% Rotation arrows showing the pattern
\draw[->, thick, purple] (1.3,1) arc (0:90:0.3);
\draw[->, thick, purple] (0.7,1.3) arc (90:180:0.3);
\draw[->, thick, purple] (0.7,0.7) arc (180:270:0.3);
\draw[->, thick, purple] (1.3,0.7) arc (270:360:0.3);

\end{tikzpicture}
\end{document}"
All (IRR),,Yes,No,N/A,No,,Yes,,Yes,Yes,Yes,,No,"Triangle ABC with vertices labeled A, B, C, side length 8 units, distance from A to C is 6 units",triangle,https://2xavun1dsa0sayar.public.blob.vercel-storage.com/visuals/vis_final-7tqIzZ0CYuazRTTmJcZZFrspq7Qvfr.svg,"\documentclass{IM}
\usepackage{tikz}
\begin{document}

\begin{tikzpicture}
\clip (-1,-1) rectangle (9,7);

% Define vertices with AC = 6 units and one side = 8 units
% Let's place A at origin, C at (6,0), and B positioned to make AB = 8
\coordinate (A) at (0,0);
\coordinate (C) at (6,0);
\coordinate (B) at (3,5.196); % Using Pythagorean theorem to position B

% Draw the triangle
\draw (A)--(B)--(C)--(A);

% Label vertices
\node[vertex,label=below left:{$A$}] at (A) {};
\node[vertex,label=above:{$B$}] at (B) {};
\node[vertex,label=below right:{$C$}] at (C) {};

% Label the sides with their lengths
\node at (1.5,2.6) {8};
\node at (3,-0.4) {6};

\end{tikzpicture}

\end{document}"
All (IRR),,Yes,Yes,,Yes,,Yes,,Yes,Yes,Yes,,Yes,"triangle with base labeled and height shown as dashed perpendicular line, base = 8, height = 5",triangle,https://2xavun1dsa0sayar.public.blob.vercel-storage.com/visuals/vis_final-v0zwCNEMKbWGPkyH2lpNnKH4qlN7Ur.svg,"\documentclass{IM}
\usepackage{tikz}
\begin{document}

\begin{tikzpicture}[x=1in,y=1in]
\clip (-0.5,-0.5) rectangle (5,3);

\begin{scope}
% Draw the triangle with base = 8 and height = 5
\draw[fill=LBlue] (0,0)--(4,0)--(2,2.5)--cycle;

% Draw the dashed height line from apex to base
\draw[dashed] (2,2.5)--(2,0);

% Draw right angle indicator at the base
\draw[line width=0.5pt] (2,0) rectangle ($(2,0)+(.1,.1)$);

% Label the base
\node[below] at (2,-0.2) {8};

% Label the height
\node[right] at (2.1,1.25) {5};

% Draw arrows indicating the base length
\draw[<->] (0,-0.4)--(4,-0.4);

\end{scope}

\end{tikzpicture}
\end{document}"
All (IRR),,Yes,Yes,,Yes,,Yes,,No,Yes,Yes,,Yes,"triangle base 10 height 8 area=40, scaled copy base 15 height 12 area=90",triangle,https://2xavun1dsa0sayar.public.blob.vercel-storage.com/visuals/vis_final-pNkNIKrwQEk5TOETTOEsOoRTxSindO.svg,"\documentclass{IM}
\usepackage{tikz}
\begin{document}

\begin{tikzpicture}[x=1in,y=1in]
\clip (-0.1,-0.4) rectangle (4.5,2.8);

% Original triangle
\begin{scope}
\draw[fill=LBlue] (0,0)--(2,0)--(1,1.6)--cycle;
\draw[dashed] (1,1.6)--(1,0);
\draw[line width=0.5pt] (1,0) rectangle ($(1,0)+(.08,.08)$);

% Labels for original triangle
\node at (1,-0.2) {base = 10};
\node at (0.6,0.8) {height = 8};
\node at (1,2.1) {Area = 40};

% Base measurement arrows
\draw[<->] (0,-0.15)--(2,-0.15);

% Height measurement line
\draw[<->] (0.85,0)--(0.85,1.6);
\end{scope}

% Scaled copy triangle
\begin{scope}[xshift=2.5in]
\draw[fill=LGreen] (0,0)--(3,0)--(1.5,2.4)--cycle;
\draw[dashed] (1.5,2.4)--(1.5,0);
\draw[line width=0.5pt] (1.5,0) rectangle ($(1.5,0)+(.08,.08)$);

% Labels for scaled triangle
\node at (1.5,-0.2) {base = 15};
\node at (1.1,1.2) {height = 12};
\node at (1.5,2.7) {Area = 90};

% Base measurement arrows
\draw[<->] (0,-0.15)--(3,-0.15);

% Height measurement line
\draw[<->] (1.35,0)--(1.35,2.4);
\end{scope}

\end{tikzpicture}
\end{document}"
All (IRR),,Yes,No,,Yes,,Yes,,Yes,Yes,Yes,,No,"right triangle with 30 degree angle, 60 degree angle, 90 degree angle, one side 7 cm, clearly labeled",triangle,https://2xavun1dsa0sayar.public.blob.vercel-storage.com/visuals/vis_final-8PR0a2kIHFm2PiwIYgkrSX7UsI30gG.svg,"\documentclass{IM}
\usepackage{tikz}
\begin{document}

\begin{tikzpicture}[x=0.5in,y=0.5in]

% Define the vertices of the 30-60-90 triangle
\coordinate (A) at (0,0);  % Right angle vertex
\coordinate (B) at (7,0);  % 60 degree angle vertex  
\coordinate (C) at (0,4.04); % 30 degree angle vertex

% Draw the triangle
\draw[thick] (A) -- node[below] {7 cm} (B) -- (C) -- cycle;

% Draw right angle marker at A
\draw[thin] (0,0.4) -- (0.4,0.4) -- (0.4,0);

% Draw 30 degree angle arc and label at C
\draw[thin] (0,3.64) arc[start angle=-90, end angle=-60, radius=0.4];
\node at (-0.3,3.4) {$30^\circ$};

% Draw 60 degree angle arc and label at B
\draw[thin] (6.6,0) arc[start angle=180, end angle=120, radius=0.4];
\node at (6.3,0.3) {$60^\circ$};

% Label vertices
\node[vertex, label=225:{$A$}] at (A) {};
\node[vertex, label=315:{$B$}] at (B) {};
\node[vertex, label=135:{$C$}] at (C) {};

% Label the 90 degree angle
\node at (0.6,0.6) {$90^\circ$};

\end{tikzpicture}
\end{document}"
All (IRR),,Yes,Yes,,No,N/A,Yes,,Yes,Yes,Yes,,Yes,triangle with base labeled and height shown as perpendicular line to opposite vertex,triangle,https://2xavun1dsa0sayar.public.blob.vercel-storage.com/visuals/vis_final-P4gJKGPsbZAGy2UVHGYAxzGGiMZZmx.svg,"\documentclass{IM}
\usepackage{tikz}
\begin{document}

\begin{tikzpicture}[x=1in,y=1in]
\clip (-0.1,-0.1) rectangle (2.1,1.8);

\begin{scope}
% Draw the triangle with light blue fill
\draw[LBlue,fill=LBlue] (0,0.3)--(2,0.3)--(1,1.6)--cycle;

% Label the base
\node at (1,0.15) {base};

% Draw the height as a dashed perpendicular line from top vertex to base
\draw[dashed, thick] (1,1.6)--(1,0.3);

% Draw right angle symbol at the intersection
\draw[line width=0.8pt] (1,0.3) rectangle ($(1,0.3)+(0.1,0.1)$);

% Label the height
\node[right] at (1.05,0.95) {height};

\end{scope}

\end{tikzpicture}
\end{document}"
All (IRR),,Yes,No,,No,N/A,Yes,,Yes,Yes,Yes,,No,"triangle RST with transversal line through points U and V, angle R = 45°, angle S = 60°",triangle,https://2xavun1dsa0sayar.public.blob.vercel-storage.com/visuals/vis_final-DegkAm78TswV2LZka9ZywwIxX2pNPQ.svg,"\documentclass{IM}
\usepackage{tikz}
\begin{document}

% Command to draw angle labels
\newcommand{\angleLabel}[6][0.4in]{%[labelDistance]{center}{startAngle}{endAngle}{positionRatio}{label}
     \centerarc[line width=0.5pt]#2(#3:#4:0.2in);
     \pgfmathsetmacro{\labelAngle}{#5*(#3)+(1-#5)*(#4)}; 
     \node at ($#2+(\labelAngle:#1)$) {#6};
}

\begin{tikzpicture}[x=1in,y=1in]

% Define triangle vertices
\coordinate (R) at (0,0);
\coordinate (S) at (3,0);
\coordinate (T) at (1.5,2.6);

% Draw triangle RST
\draw[thick] (R) -- (S) -- (T) -- cycle;

% Label vertices
\node[vertex,label=below left:$R$] at (R) {};
\node[vertex,label=below right:$S$] at (S) {};
\node[vertex,label=above:$T$] at (T) {};

% Draw angle labels
\angleLabel[0.3in]{(R)}{0}{45}{0.5}{$45°$}
\angleLabel[0.3in]{(S)}{120}{180}{0.5}{$60°$}

% Define transversal line points U and V
% U is on side RT, V is on side ST
\coordinate (U) at (0.6,1.04);
\coordinate (V) at (2.1,1.73);

% Draw transversal line UV (extend beyond triangle)
\draw[thick,blue] ($(U)!-0.5!(V)$) -- ($(V)!-0.5!(U)$);

% Label points U and V
\node[vertex,label=left:$U$] at (U) {};
\node[vertex,label=right:$V$] at (V) {};

\end{tikzpicture}
\end{document}"
All (IRR),,Yes,Yes,,No,N/A,Yes,,Yes,Yes,Yes,,No,Triangle with perpendicular bisector drawn through one side,triangle,https://2xavun1dsa0sayar.public.blob.vercel-storage.com/visuals/vis_final-fHSzPtgHhH4adc6CJXLwaA25hYLKrU.svg,"\documentclass{IM}
\usepackage{tikz}
\begin{document}

\begin{tikzpicture}[x=1in,y=1in]

% Define triangle vertices
\coordinate (A) at (0,0);
\coordinate (B) at (3,0);
\coordinate (C) at (1.5,2.5);

% Draw the triangle
\draw[thick] (A) -- (B) -- (C) -- cycle;

% Find midpoint of side AB
\coordinate (M) at (1.5,0);

% Draw perpendicular bisector through side AB
\draw[thick, blue] (M) -- (1.5,3);

% Mark the midpoint
\node[vertex] at (M) {};

% Add right angle symbol at the midpoint
\draw[thick] (1.4,-0.1) -- (1.4,0.1) -- (1.6,0.1) -- (1.6,-0.1);

% Label vertices
\node[below left] at (A) {$A$};
\node[below right] at (B) {$B$};
\node[above] at (C) {$C$};

% Label midpoint
\node[below] at (M) {$M$};

% Add dashed lines to show equal segments
\draw[dashed, gray] (A) -- (M);
\draw[dashed, gray] (M) -- (B);

% Mark equal segments with small perpendicular lines
\draw[thick] (0.7,-0.05) -- (0.7,0.05);
\draw[thick] (2.3,-0.05) -- (2.3,0.05);

\end{tikzpicture}
\end{document}"
All (IRR),,Yes,Yes,,Yes,,Yes,,Yes,Yes,Yes,,Yes,"triangle, base 10 units, height 7 units, labeled",triangle,https://2xavun1dsa0sayar.public.blob.vercel-storage.com/visuals/vis_final-IqJFsv7kMpGMOYozhT4LDB6zsOFctr.svg,"\documentclass{IM}
\usepackage{tikz}
\begin{document}

\begin{tikzpicture}[x=0.4in,y=0.4in]

\clip (-0.5,-0.5) rectangle (11.5,8);

% Draw the triangle with base 10 units and height 7 units
\draw[line width=1pt, fill=LBlue!30] (0,0) -- (10,0) -- (5,7) -- cycle;

% Draw the height as a dashed line
\draw[line width=0.5pt, dashed] (5,7) -- (5,0);

% Draw right angle symbol at the base
\draw[line width=0.5pt] (5,0) rectangle ($(5,0)+(0.3,0.3)$);

% Label the base
\node[below] at (5,-0.3) {base = 10 units};
\draw[<->] (0,-0.7) -- (10,-0.7);

% Label the height
\node[right] at (5.3,3.5) {height = 7 units};

% Add area label inside triangle
\node at (4,2.5) {Triangle};

\end{tikzpicture}
\end{document}"
All (IRR),,Yes,No,N/A,No,N/A,Yes,,Yes,Yes,Yes,,Yes,"coordinate plane with triangle ABC at A(1,2), B(3,1), C(2,4), grid lines showing",triangle,https://2xavun1dsa0sayar.public.blob.vercel-storage.com/visuals/vis_final-isCoCgiw6OmUqRYtbAZBcCAdbHx8ZA.svg,"\documentclass{IM}
\usepackage{tikz}
\begin{document}
\begin{tikzpicture}
\begin{axis}[FirstQuadrantLabeled,
    width=\HalfPage,
    height=\HalfPage,
    xmin=0,
    xmax=6,
    ymin=0,
    ymax=6,
    xlabel={$x$},
    ylabel={$y$},
    xlabel style={yshift=-8pt},
    ylabel style={xshift=-8pt},
    xtick={0,1,2,3,4,5,6},
    ytick={0,1,2,3,4,5,6},
    grid=both,
    minor tick num=0]

% Draw triangle ABC
\draw[thick] (1,2) -- (3,1) -- (2,4) -- cycle;

% Plot vertices and labels
\node[bigvertex, label={above left:A}] at (1,2) {};
\node[bigvertex, label={below right:B}] at (3,1) {};
\node[bigvertex, label={above right:C}] at (2,4) {};

\end{axis}
\end{tikzpicture}
\end{document}"
All (IRR),,Yes,No,N/A,No,N/A,Yes,,Yes,Yes,Yes,,Yes,"Triangle JKL, scalene triangle on coordinate grid",triangle,https://2xavun1dsa0sayar.public.blob.vercel-storage.com/visuals/vis_final-5eree6ffTGBEcnqbhgCP4zBE3q4P5V.svg,"\documentclass{IM}
\usepackage{tikz}
\begin{document}
\begin{tikzpicture}
\begin{axis}[
    FirstQuadrantLabeled,
    width=\HalfPage,
    height=\HalfPage,
    xmin=0,
    xmax=10,
    ymin=0,
    ymax=10,
    xlabel={$x$},
    ylabel={$y$},
    xlabel style={yshift=-8pt},
    ylabel style={xshift=-8pt},
    xtick={0,1,2,3,4,5,6,7,8,9,10},
    ytick={0,1,2,3,4,5,6,7,8,9,10},
    minor x tick num=0,
    minor y tick num=0
]

\coordinate (J) at (2,1);
\coordinate (K) at (8,2);
\coordinate (L) at (4,7);

\draw[line width=1.5pt] (J) -- (K) -- (L) -- (J);

\node[vertex, label={below left:$J$}, fill=white, draw=black, thick, inner sep=1.5pt] at (J) {};
\node[vertex, label={below right:$K$}, fill=white, draw=black, thick, inner sep=1.5pt] at (K) {};
\node[vertex, label={above:$L$}, fill=white, draw=black, thick, inner sep=1.5pt] at (L) {};

\end{axis}
\end{tikzpicture}
\end{document}"
All (IRR),,Yes,No,N/A,Yes,,Yes,,Yes,Yes,Yes,,Yes,"pentagon enclosed in rectangle 8 cm by 6 cm, with three triangular corner pieces to subtract",rectangle,https://2xavun1dsa0sayar.public.blob.vercel-storage.com/visuals/vis_final-Ur0NXzH21iPPZ6M5hygQtYLCX7lQ3C.svg,"\documentclass{IM}
\usepackage{tikz}
\begin{document}
\begin{tikzpicture}[x=1cm,y=1cm]

% Draw the rectangle outline (8 cm by 6 cm)
\draw[line width=1.5pt] (0,0) rectangle (8,6);

% Draw the pentagon inside the rectangle
\draw[line width=1.5pt, fill=LBlue] (1,1) -- (3,1) -- (4,3) -- (2,5) -- (0.5,3) -- cycle;

% Draw the three triangular corner pieces to subtract
% Top-left corner triangle
\draw[line width=1.5pt, fill=red!30] (0,6) -- (0.5,6) -- (0,4.5) -- cycle;

% Top-right corner triangle  
\draw[line width=1.5pt, fill=red!30] (8,6) -- (8,4) -- (6.5,6) -- cycle;

% Bottom-right corner triangle
\draw[line width=1.5pt, fill=red!30] (8,0) -- (8,1.5) -- (6,0) -- cycle;

% Add dimension labels
\node[below] at (4,0) {8 cm};
\node[left] at (0,3) {6 cm};

\end{tikzpicture}
\end{document}"
All (IRR),,Yes,No,N/A,Yes,,Yes,,Yes,Yes,Yes,,Yes,"two rectangles side by side, left rectangle labeled 'Rectangle A: 9 by 3', right rectangle labeled 'Rectangle B: 4.5 by 1.5', show Rectangle B is smaller",rectangle,https://2xavun1dsa0sayar.public.blob.vercel-storage.com/visuals/vis_final-iO2iwRLDh4xW0Do2dc6ZiFe5tV5Cd8.svg,"\documentclass{IM}
\usepackage{tikz}
\begin{document}

\begin{tikzpicture}[x=1cm,y=1cm]

% Rectangle A (9 by 3)
\draw[fill=LBlue, thick] (0,0) rectangle (4.5,1.5);
\node[above] at (2.25,1.8) {Rectangle A: 9 by 3};
\node[left] at (-0.1,0.75) {3};
\node[below] at (2.25,-0.2) {9};

% Rectangle B (4.5 by 1.5) - positioned to the right
\draw[fill=LYellow, thick] (6,0) rectangle (8.25,0.75);
\node[above] at (7.125,1.1) {Rectangle B: 4.5 by 1.5};
\node[left] at (5.9,0.375) {1.5};
\node[below] at (7.125,-0.2) {4.5};

\end{tikzpicture}

\end{document}"
All (IRR),,Yes,No,N/A,Yes,,Yes,,Yes,Yes,Yes,,Yes,"rectangles showing factor pairs of 12: 1x12, 2x6, 3x4 rectangles drawn with grid squares",rectangle,https://2xavun1dsa0sayar.public.blob.vercel-storage.com/visuals/vis_final-zfXEapBeTEVvKK7V1dtWbWOc0IQamw.svg,"\documentclass{IM}
\usepackage{tikz}
\begin{document}

\def\gridSep{0.3in}

\begin{tikzpicture}[x=\gridSep,y=\gridSep]

% Rectangle 1: 1 x 12
\begin{scope}[shift={(0,0)}]
\draw[line width=0.5pt] (0,0) grid[step=1] (1,12);
\draw[line width=1pt] (0,0) rectangle (1,12);
\node[above] at (0.5,12.5) {$1 \times 12$};
\end{scope}

% Rectangle 2: 2 x 6
\begin{scope}[shift={(2.5,0)}]
\draw[line width=0.5pt] (0,0) grid[step=1] (2,6);
\draw[line width=1pt] (0,0) rectangle (2,6);
\node[above] at (1,6.5) {$2 \times 6$};
\end{scope}

% Rectangle 3: 3 x 4
\begin{scope}[shift={(5.5,0)}]
\draw[line width=0.5pt] (0,0) grid[step=1] (3,4);
\draw[line width=1pt] (0,0) rectangle (3,4);
\node[above] at (1.5,4.5) {$3 \times 4$};
\end{scope}

\end{tikzpicture}
\end{document}"
All (IRR),,Yes,No,N/A,No,N/A,Yes,,Yes,Yes,No,N/A,Yes,rectangular grid showing 4x6 rectangle with unit squares,rectangle,https://2xavun1dsa0sayar.public.blob.vercel-storage.com/visuals/vis_final-vNEBqH1iNqTVmoic1mqo2SMFMnftk2.svg,"\documentclass{IM}
\usepackage{tikz}
\begin{document}

\begin{tikzpicture}[x=0.5in, y=0.5in]
\draw[step=1, fill=LBlue] (0,0) grid (6,4);
\draw[line width=1.5pt] (0,0) rectangle (6,4);
\end{tikzpicture}

\end{document}"
All (IRR),,Yes,No,N/A,Yes,,Yes,,Yes,Yes,Yes,,Yes,"rectangle with tick marks, 8 meters long by 4 meters wide, tick marks 1 meter apart on all sides",rectangle,https://2xavun1dsa0sayar.public.blob.vercel-storage.com/visuals/vis_final-MYFFwNlRBUPvjQVGJoj9qhKaB5XpuN.svg,"\documentclass{IM}
\usepackage{tikz}
\begin{document}

\begin{tikzpicture}[scale=0.75]
% Draw the main rectangle
\draw[thick] (0,0) rectangle (8,4);

% Add tick marks on bottom edge (every 1 meter)
\foreach \x in {0,1,2,3,4,5,6,7,8} {
    \draw (\x,-0.1) -- (\x,0.1);
}

% Add tick marks on top edge (every 1 meter)
\foreach \x in {0,1,2,3,4,5,6,7,8} {
    \draw (\x,3.9) -- (\x,4.1);
}

% Add tick marks on left edge (every 1 meter)
\foreach \y in {0,1,2,3,4} {
    \draw (-0.1,\y) -- (0.1,\y);
}

% Add tick marks on right edge (every 1 meter)
\foreach \y in {0,1,2,3,4} {
    \draw (7.9,\y) -- (8.1,\y);
}

% Add dimension labels
\draw (4,4) node[above] {8 meters};
\draw (8,2) node[right] {4 meters};

\end{tikzpicture}

\end{document}"
All (IRR),,Yes,No,N/A,No,N/A,Yes,,Yes,Yes,No,N/A,Yes,empty grid template 6x4 for students to draw rectangles,rectangle,https://2xavun1dsa0sayar.public.blob.vercel-storage.com/visuals/vis_final-mnf5RVmDw3vns4rM5Xjpk2ktcdIMUJ.svg,"\documentclass{IM}
\usepackage{tikz}
\begin{document}

\begin{tikzpicture}[x=0.5in,y=0.5in]

%% Grid dimensions: 6 units wide by 4 units tall
\def\widthparts{6}
\def\heightparts{4}

%% Clip around the grid to remove unnecessary white space
\clip (-0.05,-0.05) rectangle (\widthparts+0.05,\heightparts+0.05);

%% Draw the grid with gray lines
\draw[line width=0.5pt,black!70] (0,0) grid[step=1] (\widthparts,\heightparts);

\end{tikzpicture}
\end{document}"
All (IRR),,Yes,No,N/A,Yes,,Yes,,Yes,Yes,Yes,,Yes,"rectangle decomposition, 6 by 4 rectangle split into two 3 by 4 rectangles",rectangle,https://2xavun1dsa0sayar.public.blob.vercel-storage.com/visuals/vis_final-pnv5GPEBXXvvPO53g4RGRXp1AANmPl.svg,"\documentclass{IM}
\usepackage{tikz}
\begin{document}

\begin{tikzpicture}[x=0.5in,y=0.5in]

% Draw the outer 6 by 4 rectangle
\draw[line width=1pt] (0,0) rectangle (6,4);

% Draw the vertical line splitting the rectangle into two 3 by 4 rectangles
\draw[line width=1pt] (3,0) -- (3,4);

% Label the dimensions
% Width labels on top
\path (0,4) -- (3,4) node[above, pos=0.5] {3};
\path (3,4) -- (6,4) node[above, pos=0.5] {3};

% Height labels on the sides
\path (0,0) -- (0,4) node[left, pos=0.5] {4};
\path (6,0) -- (6,4) node[right, pos=0.5] {4};

% Total width label at bottom
\path (0,0) -- (6,0) node[below, pos=0.5] {6};

\end{tikzpicture}
\end{document}"
All (IRR),,Yes,No,N/A,Yes,,Yes,,Yes,Yes,Yes,,Yes,"rectangle PQRS with diagonal PR, 12 cm by 6 cm",rectangle,https://2xavun1dsa0sayar.public.blob.vercel-storage.com/visuals/vis_final-1H9r1Yrv8hbK5RvmluzjQPMeOZjLNT.svg,"\documentclass{IM}
\usepackage{tikz}
\begin{document}
\begin{tikzpicture}[scale=0.4]
% Draw the rectangle PQRS (12 cm by 6 cm)
\draw[thick] (0,0) rectangle (12,6);

% Draw the diagonal PR
\draw[thick] (0,0) -- (12,6);

% Label the vertices
\node[below left] at (0,0) {P};
\node[below right] at (12,0) {Q};
\node[above right] at (12,6) {R};
\node[above left] at (0,6) {S};

% Label the dimensions
\node[below] at (6,0) {12 cm};
\node[left] at (0,3) {6 cm};
\end{tikzpicture}
\end{document}"
All (IRR),,Yes,No,N/A,Yes,,Yes,,Yes,No,Yes,,No,"factor pairs of 36 using rectangles, show 1×36, 2×18, 3×12, 4×9, 6×6",rectangle,https://2xavun1dsa0sayar.public.blob.vercel-storage.com/visuals/vis_final-AvvAg55kijb6vP4XGynKAkZgIQdUJa.svg,"\documentclass{IM}
\usepackage{tikz}
\begin{document}

\def\gridSep{0.3in}
\begin{tikzpicture}[x=\gridSep,y=\gridSep]

% Factor pair 1×36
\begin{scope}[yshift=0cm]
\draw[line width=0.5pt] (0,0) grid[step=1] (36,1);
\draw[line width=1pt] (0,0) rectangle (36,1);
\node[above] at (18,1.2) {$1 \times 36 = 36$};
\end{scope}

% Factor pair 2×18
\begin{scope}[yshift=-2cm]
\draw[line width=0.5pt] (0,0) grid[step=1] (18,2);
\draw[line width=1pt] (0,0) rectangle (18,2);
\node[above] at (9,2.2) {$2 \times 18 = 36$};
\end{scope}

% Factor pair 3×12
\begin{scope}[yshift=-5cm]
\draw[line width=0.5pt] (0,0) grid[step=1] (12,3);
\draw[line width=1pt] (0,0) rectangle (12,3);
\node[above] at (6,3.2) {$3 \times 12 = 36$};
\end{scope}

% Factor pair 4×9
\begin{scope}[yshift=-8.5cm]
\draw[line width=0.5pt] (0,0) grid[step=1] (9,4);
\draw[line width=1pt] (0,0) rectangle (9,4);
\node[above] at (4.5,4.2) {$4 \times 9 = 36$};
\end{scope}

% Factor pair 6×6
\begin{scope}[yshift=-13cm]
\draw[line width=0.5pt] (0,0) grid[step=1] (6,6);
\draw[line width=1pt] (0,0) rectangle (6,6);
\node[above] at (3,6.2) {$6 \times 6 = 36$};
\end{scope}

\end{tikzpicture}
\end{document}"
All (IRR),,Yes,No,N/A,No,N/A,Yes,,Yes,Yes,No,N/A,Yes,"circle, simple outline",circle,https://2xavun1dsa0sayar.public.blob.vercel-storage.com/visuals/vis_final-hw4U9bk6ErCzhJrrDm3kFXS24rjakN.svg,"\documentclass{IM}
\usepackage{tikz}
\begin{document}
\begin{tikzpicture}
  \draw (0,0) circle (1);
\end{tikzpicture}
\end{document}"
All (IRR),,Yes,No,N/A,No,N/A,Yes,,No,No,Yes,,No,"Two intersecting circles with centers A and B, both circles pass through each other's centers",circle,https://2xavun1dsa0sayar.public.blob.vercel-storage.com/visuals/vis_final-63actezNuAWH461DBYA4pOo1ttJFYH.svg,"\documentclass{IM}
\usepackage{tikz}
\begin{document}
\begin{tikzpicture}[x=1in,y=1in]
\clip(-2.5,-1.5) rectangle (2.5,1.5);

% Draw first circle centered at A
\draw[line width=1pt] (-1,0) circle (2);

% Draw second circle centered at B  
\draw[line width=1pt] (1,0) circle (2);

% Mark centers A and B
\node[vertex,label=below:A] at (-1,0) {};
\node[vertex,label=below:B] at (1,0) {};

\end{tikzpicture}
\end{document}"
All (IRR),,Yes,No,N/A,No,N/A,Yes,,Yes,Yes,No,N/A,Yes,"8 pizza slices arranged in a circle, 3 slices eaten/removed",circle,https://2xavun1dsa0sayar.public.blob.vercel-storage.com/visuals/vis_final-KqZftQVY4WVa2Mdo73qhXVMsfLwGbj.svg,"\documentclass{IM}
\usepackage{tikz}
\begin{document}
\begin{tikzpicture}[x=0.45in,y=0.45in]
% Draw the circle
\draw (0,0) circle(1.5);
\draw (0,0) node[vertex]{};

% Draw all 8 radial lines to create 8 equal slices
\foreach \x in {0,45,90,135,180,225,270,315}{
\draw (0,0)-- (\x:1.5);
}

% Fill the remaining 5 slices (pizza slices that are still there)
\fill[LBlue] (0,0)--(0:1.5) arc (0:45:1.5)--cycle;
\fill[LBlue] (0,0)--(45:1.5) arc (45:90:1.5)--cycle;
\fill[LBlue] (0,0)--(90:1.5) arc (90:135:1.5)--cycle;
\fill[LBlue] (0,0)--(180:1.5) arc (180:225:1.5)--cycle;
\fill[LBlue] (0,0)--(225:1.5) arc (225:270:1.5)--cycle;

\end{tikzpicture}
\end{document}"
All (IRR),,Yes,No,N/A,No,,Yes,,No,No,No,,No,"3D rectangular prism figure composed of two parts: bottom part 4 × 6 × 8 units, top part 2 × 4 × 8 units, stacked vertically",rectangular prism,https://2xavun1dsa0sayar.public.blob.vercel-storage.com/visuals/vis_final-jmEPDwfJFgzVpUcn8aWav5tDpbXXqG.svg,"\documentclass{IM}
\usepackage{tikz}
\begin{document}

\newcommand\Ucube[5]{
\begin{scope}[scale=.25,shift={(#1,#2,#3)},xshift=#4 in ,yshift=#5 in]
\draw[rounded corners=.1mm,fill=LBlue] (0,0,1)--(1,0,1)--(1,1,1)--(0,1,1)--cycle;
\draw[rounded corners=.1mm,fill=LBlue] (0,1,0)--(1,1,0)--(1,1,1)--(0,1,1)--cycle;
\draw[rounded corners=.1mm,fill=LBlue] (1,0,0)--(1,1,0)--(1,1,1)--(1,0,1)--cycle;
\end{scope}
}

\newcommand\Outline[5]{
\begin{scope}[scale=.25,xshift=#4 in ,yshift=#5 in]
\draw[very thick,rounded corners=.1mm] (0,0,#3)--(#1,0,#3)--(#1,#2,#3)--(0,#2,#3)--cycle;
\draw[very thick,rounded corners=.1mm] (0,#2,0)--(#1,#2,0)--(#1,#2,#3)--(0,#2,#3)--cycle;
\draw[very thick,rounded corners=.1mm] (#1,0,0)--(#1,#2,0)--(#1,#2,#3)--(#1,0,#3)--cycle;
\end{scope}
}

\begin{tikzpicture}[x=1in, y=1in, z=(45:-.4)]
\clip (-\HP/2,-\HP/2) rectangle (\HP/2,\HP/2);

\def\xchange{-2}
\def\ychange{-3}

% Bottom part: 4 × 6 × 8 units
\foreach \x in {0,...,3}{
\foreach \y in {0,...,5}{
\foreach \z in {0,...,7}{
\Ucube{\x}{\y}{\z}{\xchange}{\ychange}
}}}

% Top part: 2 × 4 × 8 units (stacked on top)
\foreach \x in {0,...,1}{
\foreach \y in {0,...,3}{
\foreach \z in {8,...,15}{
\Ucube{\x}{\y}{\z}{\xchange}{\ychange}
}}}

% Outline for the composite shape
\Outline{4}{6}{8}{\xchange}{\ychange};
\Outline{2}{4}{16}{\xchange}{\ychange};

% Add dimension labels
\node at (-1,0) [scale=0.8] {4};
\node at (-3.2,1.5) [scale=0.8] {6};
\node at (-0.5,-1.5) [scale=0.8] {8};
\node at (-1.7,2) [scale=0.8] {2};
\node at (-3.2,0.5) [scale=0.8] {4};

\end{tikzpicture}
\end{document}"
All (IRR),,Yes,No,N/A,No,N/A,Yes,,Yes,Yes,No,N/A,No,"composite figure made of two rectangular prisms, one 6 x 2 x 3 on top of another 4 x 4 x 3",rectangular prism,https://2xavun1dsa0sayar.public.blob.vercel-storage.com/visuals/vis_final-9aHkFztY98Rl7TaSFvzTjyyVd3mrvY.svg,"\documentclass{IM}
\usepackage{tikz}
\begin{document}

\newcommand\Ucube[5]{
\begin{scope}[scale=.25,shift={(#1,#2,#3)},xshift=#4 in ,yshift=#5 in]
\draw[rounded corners=.1mm,fill=LBlue] (0,0,1)--(1,0,1)--(1,1,1)--(0,1,1)--cycle;
\draw[rounded corners=.1mm,fill=LBlue] (0,1,0)--(1,1,0)--(1,1,1)--(0,1,1)--cycle;
\draw[rounded corners=.1mm,fill=LBlue] (1,0,0)--(1,1,0)--(1,1,1)--(1,0,1)--cycle;
\end{scope}
}

\begin{tikzpicture}[x=1in, y=1in, z=(45:-.4)]
\clip (-1.5,-1.5) rectangle (1.5,1.5);

\def\xchange{-1.2}
\def\ychange{-1.8}

% Bottom rectangular prism: 4 x 4 x 3
\foreach \x in {0,1,2,3}{
  \foreach \y in {0,1,2,3}{
    \foreach \z in {0,1,2}{
      \Ucube{\x}{\y}{\z}{\xchange}{\ychange};
    }
  }
}

% Top rectangular prism: 6 x 2 x 3 (positioned on top, centered on the bottom prism)
\foreach \x in {-1,0,1,2,3,4}{
  \foreach \y in {1,2}{
    \foreach \z in {3,4,5}{
      \Ucube{\x}{\y}{\z}{\xchange}{\ychange};
    }
  }
}

% Draw outline for bottom prism
\begin{scope}[scale=.25,xshift=\xchange in ,yshift=\ychange in]
\draw[very thick,rounded corners=.1mm] (0,0,0)--(4,0,0)--(4,4,0)--(0,4,0)--cycle;
\draw[very thick,rounded corners=.1mm] (0,0,0)--(0,0,3);
\draw[very thick,rounded corners=.1mm] (4,0,0)--(4,0,3);
\draw[very thick,rounded corners=.1mm] (0,4,0)--(0,4,3);
\draw[very thick,rounded corners=.1mm] (4,4,0)--(4,4,3);
\draw[very thick,rounded corners=.1mm] (0,0,3)--(4,0,3)--(4,4,3)--(0,4,3)--cycle;
\end{scope}

% Draw outline for top prism
\begin{scope}[scale=.25,xshift=\xchange in ,yshift=\ychange in]
\draw[very thick,rounded corners=.1mm] (-1,1,3)--(5,1,3)--(5,3,3)--(-1,3,3)--cycle;
\draw[very thick,rounded corners=.1mm] (-1,1,3)--(-1,1,6);
\draw[very thick,rounded corners=.1mm] (5,1,3)--(5,1,6);
\draw[very thick,rounded corners=.1mm] (-1,3,3)--(-1,3,6);
\draw[very thick,rounded corners=.1mm] (5,3,3)--(5,3,6);
\draw[very thick,rounded corners=.1mm] (-1,1,6)--(5,1,6)--(5,3,6)--(-1,3,6)--cycle;
\end{scope}

\end{tikzpicture}
\end{document}"
All (IRR),,Yes,No,N/A,No,,Yes,,Yes,Yes,Yes,,Yes,"rectangular prism, 3 × 3 × 5, labeled dimensions",rectangular prism,https://2xavun1dsa0sayar.public.blob.vercel-storage.com/visuals/vis_final-SC52KgvKshmaoFmcbJJyiPEgPhL9Gy.svg,"\documentclass{IM}
\usepackage{tikz}
\begin{document}
\begin{tikzpicture}[x=(-5:0.16in), y={(32:0.176in)}, z=(90:0.16in)]

\def\dimX{3} % Width
\def\dimY{3} % Depth  
\def\dimZ{5} % Height

\coordinate (frontBottomLeft) at (0,0,0);
\coordinate (frontBottomRight) at (\dimX,0,0);
\coordinate (frontTopLeft) at (0,0,\dimZ);
\coordinate (frontTopRight) at (\dimX,0,\dimZ);

\tikzstyle{toBack}=[shift={(0,\dimY,0)}]
\coordinate (backBottomLeft) at ([toBack]frontBottomLeft);
\coordinate (backBottomRight) at ([toBack]frontBottomRight);
\coordinate (backTopLeft) at ([toBack]frontTopLeft);
\coordinate (backTopRight) at ([toBack]frontTopRight);

% Solid edges
\draw (frontBottomLeft) -- (frontBottomRight) -- (frontTopRight) -- (frontTopLeft) -- cycle;
\draw (frontBottomRight) -- (backBottomRight) -- (backTopRight) -- (backTopLeft) -- (frontTopLeft);
\draw (frontTopRight) -- (backTopRight);

% Dotted edges  
\draw[dotted] (frontBottomLeft) -- (backBottomLeft) -- (backBottomRight);
\draw[dotted] (backBottomLeft) -- (backTopLeft);

% Labels
\path (frontTopLeft)
   -- node[left, pos=0.5] {5}
      (frontBottomLeft)
   -- node[below left, pos=0.6] {3}
      (frontBottomRight)
   -- node[below right, pos=0.5] {3}
      (backBottomRight);

\end{tikzpicture}
\end{document}"
All (IRR),,Yes,No,N/A,Yes,,Yes,,Yes,Yes,Yes,,No,"rectangular prism base only, 2 by 5 units, area = 10 square units",rectangular prism,https://2xavun1dsa0sayar.public.blob.vercel-storage.com/visuals/vis_final-OyDFx78lwPqq7hjnYwT6YEVRpSHEwz.svg,"\documentclass{IM}
\usepackage{tikz}
\begin{document}

\begin{tikzpicture}[x=0.5in, y=0.5in]

% Draw the rectangular base (2 by 5 units)
\draw[line width=1.5pt, fill=LBlue!30] (0,0) rectangle (5,2);

% Draw grid lines to show unit squares
\foreach \x in {0,1,2,3,4,5} {
    \draw[line width=0.5pt] (\x,0) -- (\x,2);
}
\foreach \y in {0,1,2} {
    \draw[line width=0.5pt] (0,\y) -- (5,\y);
}

% Label the dimensions
\node[below] at (2.5,-0.2) {5 units};
\node[left] at (-0.2,1) {2 units};

% Label the area in the center
\node[font=\large] at (2.5,1) {Area = 10 square units};

\end{tikzpicture}
\end{document}"
All (IRR),,Yes,No,N/A,Yes,,Yes,,Yes,Yes,Yes,,No,"base of rectangular prism, 3x4 rectangle highlighted",rectangular prism,https://2xavun1dsa0sayar.public.blob.vercel-storage.com/visuals/vis_final-5Bb4DpnGCl9ErZcyYOIx0ySptVrn9M.svg,"\documentclass{IM}
\usepackage{tikz}
\begin{document}
\begin{tikzpicture}[x=0.5in,y=0.5in]

% Draw the 3x4 rectangular base with highlighted fill
\fill[LBlue, opacity=0.7] (0,0) rectangle (4,3);

% Draw the grid lines to show the 3x4 structure
\draw[line width=1pt, black] (0,0) grid[step=1] (4,3);

% Draw the outer border with thicker lines
\draw[line width=2pt, black] (0,0) rectangle (4,3);

% Add dimension labels
\node[below] at (2,0) {4 units};
\node[left, rotate=90] at (0,1.5) {3 units};

\end{tikzpicture}
\end{document}"
All (IRR),,Yes,No,N/A,No,,Yes,,Yes,Yes,Yes,,Yes,rectangular prism dimensions 2 by 4 by 8 showing all faces,rectangular prism,https://2xavun1dsa0sayar.public.blob.vercel-storage.com/visuals/vis_final-9piTTwAlk8murLQkkwvxJ0aoFcqEGC.svg,"\documentclass{IM}
\usepackage{tikz}
\begin{document}

\def\unitLength{0.20in}

\begin{tikzpicture}[x=(-5:0.76*\unitLength), y={(32:1.1*\unitLength)}, z=(90:\unitLength)]

\def\dimX{8} % Length
\def\dimY{4} % Width  
\def\dimZ{2} % Height

% Define vertices
\coordinate (frontBottomLeft) at (0,0,0);
\coordinate (frontBottomRight) at (\dimX,0,0);
\coordinate (frontTopLeft) at (0,0,\dimZ);
\coordinate (frontTopRight) at (\dimX,0,\dimZ);

\tikzstyle{toBack}=[shift={(0,\dimY,0)}]
\coordinate (backBottomLeft) at ([toBack]frontBottomLeft);
\coordinate (backBottomRight) at ([toBack]frontBottomRight);
\coordinate (backTopLeft) at ([toBack]frontTopLeft);
\coordinate (backTopRight) at ([toBack]frontTopRight);

% Draw all visible faces with different shadings
% Front face
\fill[fill=blue!10] (frontBottomLeft) -- (frontBottomRight) -- (frontTopRight) -- (frontTopLeft) -- cycle;
\draw[thick] (frontBottomLeft) -- (frontBottomRight) -- (frontTopRight) -- (frontTopLeft) -- cycle;

% Right face  
\fill[fill=blue!20] (frontBottomRight) -- (backBottomRight) -- (backTopRight) -- (frontTopRight) -- cycle;
\draw[thick] (frontBottomRight) -- (backBottomRight) -- (backTopRight) -- (frontTopRight) -- cycle;

% Top face
\fill[fill=blue!30] (frontTopLeft) -- (frontTopRight) -- (backTopRight) -- (backTopLeft) -- cycle;
\draw[thick] (frontTopLeft) -- (frontTopRight) -- (backTopRight) -- (backTopLeft) -- cycle;

% Back face (partially visible)
\draw[thick] (backBottomLeft) -- (backBottomRight) -- (backTopRight) -- (backTopLeft) -- cycle;

% Left face (partially visible)
\draw[thick] (frontBottomLeft) -- (backBottomLeft) -- (backTopLeft) -- (frontTopLeft);

% Bottom face (partially visible)
\draw[thick] (frontBottomLeft) -- (frontBottomRight) -- (backBottomRight) -- (backBottomLeft);

% Hidden edges as dotted lines
\draw[dotted, thick] (frontBottomLeft) -- (backBottomLeft);
\draw[dotted, thick] (backBottomLeft) -- (backTopLeft);

% Dimension labels
\node[below, font=\large] at ($(frontBottomLeft)!0.5!(frontBottomRight)$) {8};
\node[right, font=\large] at ($(frontBottomRight)!0.5!(backBottomRight)$) {4};
\node[left, font=\large] at ($(frontBottomLeft)!0.5!(frontTopLeft)$) {2};

\end{tikzpicture}
\end{document}"
All (IRR),,Yes,No,N/A,No,N/A,Yes,,Yes,Yes,No,N/A,Yes,"rectangular prism with some cubes removed, showing internal structure",rectangular prism,https://2xavun1dsa0sayar.public.blob.vercel-storage.com/visuals/vis_final-E0KRpx0BMYBBY0LTrwUCAWWBxzZlcM.svg,"\documentclass{IM}
\usepackage{tikz}
\begin{document}

\newcommand\Ucube[5]{
\begin{scope}[scale=.25,shift={(#1,#2,#3)},xshift=#4 in ,yshift=#5 in]
\draw[rounded corners=.1mm,fill=LBlue] (0,0,1)--(1,0,1)--(1,1,1)--(0,1,1)--cycle;
\draw[rounded corners=.1mm,fill=LBlue] (0,1,0)--(1,1,0)--(1,1,1)--(0,1,1)--cycle;
\draw[rounded corners=.1mm,fill=LBlue] (1,0,0)--(1,1,0)--(1,1,1)--(1,0,1)--cycle;
\end{scope}
}

\newcommand\Outline[5]{
\begin{scope}[scale=.25,xshift=#4 in ,yshift=#5 in]
\draw[very thick,rounded corners=.1mm] (0,0,#3)--(#1,0,#3)--(#1,#2,#3)--(0,#2,#3)--cycle;
\draw[very thick,rounded corners=.1mm] (0,#2,0)--(#1,#2,0)--(#1,#2,#3)--(0,#2,#3)--cycle;
\draw[very thick,rounded corners=.1mm] (#1,0,0)--(#1,#2,0)--(#1,#2,#3)--(#1,0,#3)--cycle;
\end{scope}
}

% 3x3x3 rectangular prism with several cubes removed to show internal structure
\begin{tikzpicture}[x=1in, y=1in, z=(45:-.4)]
\clip (-\QP/2,-\QP/2) rectangle (\QP/2,\QP/2);
\def\xchange{-1.5}
\def\ychange{-1.5}

% Bottom layer - complete
\foreach \x/\y/\z in {
0/0/-2,
0/1/-2,
0/2/-2,
1/0/-2,
1/1/-2,
1/2/-2,
2/0/-2,
2/1/-2,
2/2/-2
}{\Ucube{\x}{\y}{\z}{\xchange}{\ychange};}

% Middle layer - with some cubes removed to show interior
\foreach \x/\y/\z in {
0/0/-1,
0/1/-1,
0/2/-1,
1/0/-1,
1/2/-1,
2/0/-1,
2/1/-1,
2/2/-1
}{\Ucube{\x}{\y}{\z}{\xchange}{\ychange};}

% Top layer - with more cubes removed
\foreach \x/\y/\z in {
0/0/0,
0/2/0,
1/0/0,
2/0/0,
2/2/0
}{\Ucube{\x}{\y}{\z}{\xchange}{\ychange};}

\end{tikzpicture}

\end{document}"
All (IRR),,Yes,No,N/A,No,,Yes,,Yes,Yes,Yes,,Yes,"rectangular prism, 8 by 6 by 4",rectangular prism,https://2xavun1dsa0sayar.public.blob.vercel-storage.com/visuals/vis_final-oPYqSXgjjS7qiBzQVbJ3WUO3yMlsP7.svg,"\documentclass{IM}
\usepackage{tikz}
\begin{document}

% Adjust image size by changing \unitLength (everything adjusts automatically)
\def\unitLength{0.16in}

\begin{tikzpicture}[x=(-5:0.76*\unitLength), y={(32:1.1*\unitLength)}, z=(90:\unitLength)]

\def\dimX{8} % Dim in the x-dir
\def\dimY{6} % Dim in the y-dir
\def\dimZ{4} % Dim in the z-dir

\coordinate (frontBottomLeft) at (0,0,0);
\coordinate (frontBottomRight) at (\dimX,0,0);
\coordinate (frontTopLeft) at (0,0,\dimZ);
\coordinate (frontTopRight) at (\dimX,0,\dimZ);

\tikzstyle{toBack}=[shift={(0,\dimY,0)}]
\coordinate (backBottomLeft) at ([toBack]frontBottomLeft);
\coordinate (backBottomRight) at ([toBack]frontBottomRight);
\coordinate (backTopLeft) at ([toBack]frontTopLeft);
\coordinate (backTopRight) at ([toBack]frontTopRight);

% Solid edges
\draw (frontBottomLeft) -- (frontBottomRight) -- (frontTopRight) -- (frontTopLeft) -- cycle;
\draw (frontBottomRight) -- (backBottomRight) -- (backTopRight) -- (backTopLeft) -- (frontTopLeft);
\draw (frontTopRight) -- (backTopRight);

% dotted edges
\draw[dotted] (frontBottomLeft) -- (backBottomLeft) -- (backBottomRight);
\draw[dotted] (backBottomLeft) -- (backTopLeft);

% labels
\path (frontTopLeft)
   -- node[left, pos=0.5] {4}
      (frontBottomLeft)
   -- node[below left, pos=0.6] {8}
      (frontBottomRight)
   -- node[below right, pos=0.5] {6}
      (backBottomRight);

\end{tikzpicture}
\end{document}"
All (IRR),,Yes,No,N/A,No,,Yes,,Yes,Yes,Yes,,Yes,rectangular prism 3 by 2 by 2 with dimensions labeled,rectangular prism,https://2xavun1dsa0sayar.public.blob.vercel-storage.com/visuals/vis_final-ybhpRBDx92sMiUlFi1BOztY8r9fiaV.svg,"\documentclass{IM}
\usepackage{tikz}
\begin{document}

\def\unitLength{0.2in}

\begin{tikzpicture}[x=(-5:0.76*\unitLength), y={(32:1.1*\unitLength)}, z=(90:\unitLength)]

\def\dimX{3} % Length
\def\dimY{2} % Width  
\def\dimZ{2} % Height

\coordinate (frontBottomLeft) at (0,0,0);
\coordinate (frontBottomRight) at (\dimX,0,0);
\coordinate (frontTopLeft) at (0,0,\dimZ);
\coordinate (frontTopRight) at (\dimX,0,\dimZ);

\tikzstyle{toBack}=[shift={(0,\dimY,0)}]
\coordinate (backBottomLeft) at ([toBack]frontBottomLeft);
\coordinate (backBottomRight) at ([toBack]frontBottomRight);
\coordinate (backTopLeft) at ([toBack]frontTopLeft);
\coordinate (backTopRight) at ([toBack]frontTopRight);

% Solid edges (visible)
\draw[thick] (frontBottomLeft) -- (frontBottomRight) -- (frontTopRight) -- (frontTopLeft) -- cycle;
\draw[thick] (frontBottomRight) -- (backBottomRight) -- (backTopRight) -- (backTopLeft) -- (frontTopLeft);
\draw[thick] (frontTopRight) -- (backTopRight);

% Dotted edges (hidden)
\draw[dotted, thick] (frontBottomLeft) -- (backBottomLeft) -- (backBottomRight);
\draw[dotted, thick] (backBottomLeft) -- (backTopLeft);

% Dimension labels
\path (frontTopLeft)
   -- node[left, pos=0.5] {2}
      (frontBottomLeft)
   -- node[below left, pos=0.6] {3}
      (frontBottomRight)
   -- node[below right, pos=0.5] {2}
      (backBottomRight);

\end{tikzpicture}
\end{document}"
All (IRR),,Yes,No,N/A,No,N/A,Yes,,Yes,Yes,No,N/A,Yes,"rectangular prism made of unit cubes, 2 layers, 6 cubes per layer",rectangular prism,https://2xavun1dsa0sayar.public.blob.vercel-storage.com/visuals/vis_final-ZhlLEm8FhL4lQOtYdnoG79Tf7tuelj.svg,"\documentclass{IM}
\begin{document}

\newcommand\Ucube[5]{
\begin{scope}[scale=.25,shift={(#1,#2,#3)},xshift=#4 in ,yshift=#5 in]
\draw[rounded corners=.1mm,fill=LBlue] (0,0,1)--(1,0,1)--(1,1,1)--(0,1,1)--cycle;
\draw[rounded corners=.1mm,fill=LBlue] (0,1,0)--(1,1,0)--(1,1,1)--(0,1,1)--cycle;
\draw[rounded corners=.1mm,fill=LBlue] (1,0,0)--(1,1,0)--(1,1,1)--(1,0,1)--cycle;
\end{scope}
}

\begin{tikzpicture}[x=1in, y=1in, z=(45:-.4)]
\clip (-\QP/2,-\QP/3) rectangle (\QP/2,\QP/3);
\def\xchange{-1.5}
\def\ychange{-1}

% Bottom layer (6 cubes arranged in 3x2)
\foreach \x in {0,1,2}{
\foreach \y in {0,1}{
\Ucube{\x}{\y}{-1}{\xchange}{\ychange};
}}

% Top layer (6 cubes arranged in 3x2)
\foreach \x in {0,1,2}{
\foreach \y in {0,1}{
\Ucube{\x}{\y}{0}{\xchange}{\ychange};
}}

\end{tikzpicture}

\end{document}"
All (IRR),,Yes,No,N/A,No,N/A,Yes,,Yes,Yes,Yes,,Yes,rectangular prism net unfolded,rectangular prism,https://2xavun1dsa0sayar.public.blob.vercel-storage.com/visuals/vis_final-NOAy0SFssFIh3RXuPevo2aVWVT3Xpz.svg,"\documentclass{IM}
\usepackage{tikz}
\begin{document}

\begin{tikzpicture}[x=0.8in,y=0.8in]

% Draw the rectangular prism net unfolded
% This is a standard net with the bottom face in the center,
% four side faces extending outward, and the top face above

% Bottom face (center)
\draw[line width=1.5pt, fill=LBlue] (1,1) rectangle (3,2);

% Front face (extending downward from bottom)
\draw[line width=1.5pt, fill=LBlue] (1,0) rectangle (3,1);

% Back face (extending upward from bottom)  
\draw[line width=1.5pt, fill=LBlue] (1,2) rectangle (3,3);

% Left face (extending left from bottom)
\draw[line width=1.5pt, fill=LBlue] (0,1) rectangle (1,2);

% Right face (extending right from bottom)
\draw[line width=1.5pt, fill=LBlue] (3,1) rectangle (4,2);

% Top face (extending upward from back face)
\draw[line width=1.5pt, fill=LBlue] (1,3) rectangle (3,4);

% Add fold lines (dashed lines where faces connect)
\draw[line width=1pt, dashed, gray] (1,1) -- (1,2);
\draw[line width=1pt, dashed, gray] (3,1) -- (3,2);
\draw[line width=1pt, dashed, gray] (1,2) -- (3,2);
\draw[line width=1pt, dashed, gray] (1,1) -- (3,1);
\draw[line width=1pt, dashed, gray] (1,3) -- (3,3);

% Optional labels for the faces
\node at (2,0.5) {\small Front};
\node at (2,1.5) {\small Bottom};
\node at (2,2.5) {\small Back};
\node at (2,3.5) {\small Top};
\node at (0.5,1.5) {\small Left};
\node at (3.5,1.5) {\small Right};

\end{tikzpicture}
\end{document}"
All (IRR),,No,No,N/A,No,,No,,Yes,Yes,Yes,,No,"3D composite figure showing subtraction method: large 6in x 4in x 3in rectangular prism with 2in x 2in x 3in corner piece removed, dimensions labeled",rectangular prism,https://2xavun1dsa0sayar.public.blob.vercel-storage.com/visuals/vis_final-QntdT5ctXbeiJAQI4qATy7Ljlig7MC.svg,"\documentclass{IM}
\usepackage{tikz}
\begin{document}

\def\unitLength{0.16in}

\begin{tikzpicture}[x=(-5:0.76*\unitLength), y={(32:1.1*\unitLength)}, z=(90:\unitLength)]

% Define dimensions for the large prism
\def\dimX{6} % Length: 6 inches
\def\dimY{4} % Width: 4 inches  
\def\dimZ{3} % Height: 3 inches

% Define dimensions for the removed corner piece
\def\removeX{2} % Length: 2 inches
\def\removeY{2} % Width: 2 inches
\def\removeZ{3} % Height: 3 inches (full height)

% Large prism coordinates
\coordinate (frontBottomLeft) at (0,0,0);
\coordinate (frontBottomRight) at (\dimX,0,0);
\coordinate (frontTopLeft) at (0,0,\dimZ);
\coordinate (frontTopRight) at (\dimX,0,\dimZ);

\tikzstyle{toBack}=[shift={(0,\dimY,0)}]
\coordinate (backBottomLeft) at ([toBack]frontBottomLeft);
\coordinate (backBottomRight) at ([toBack]frontBottomRight);
\coordinate (backTopLeft) at ([toBack]frontTopLeft);
\coordinate (backTopRight) at ([toBack]frontTopRight);

% Corner cutout coordinates (removing from back-right corner)
\coordinate (cutoutFrontBottom) at (\dimX-\removeX,0,0);
\coordinate (cutoutFrontTop) at (\dimX-\removeX,0,\dimZ);
\coordinate (cutoutBackBottom) at (\dimX-\removeX,\dimY-\removeY,0);
\coordinate (cutoutBackTop) at (\dimX-\removeX,\dimY-\removeY,\dimZ);

% Draw the main structure with cutout
% Front face (partial)
\draw (frontBottomLeft) -- (cutoutFrontBottom) -- (cutoutFrontTop) -- (frontTopLeft) -- cycle;

% Right face (partial) 
\draw (cutoutFrontBottom) -- (frontBottomRight) -- (frontTopRight) -- (cutoutFrontTop);

% Top face (with cutout)
\draw (frontTopLeft) -- (cutoutFrontTop) -- (cutoutBackTop) -- (backTopLeft) -- cycle;
\draw (cutoutFrontTop) -- (frontTopRight) -- (backTopRight) -- (cutoutBackTop);

% Back face (partial)
\draw (backTopLeft) -- (cutoutBackTop) -- (cutoutBackBottom) -- (backBottomLeft) -- (frontBottomLeft);

% Bottom face (with cutout)
\draw (frontBottomLeft) -- (cutoutFrontBottom) -- (cutoutBackBottom) -- (backBottomLeft);
\draw (cutoutFrontBottom) -- (frontBottomRight) -- (backBottomRight) -- (cutoutBackBottom);

% Internal edges from the cutout
\draw (cutoutBackBottom) -- (cutoutBackTop);
\draw (cutoutBackBottom) -- (backBottomRight);
\draw (cutoutBackTop) -- (backTopRight);

% Dotted hidden edges
\draw[dotted] (backBottomLeft) -- (backBottomRight);
\draw[dotted] (backBottomRight) -- (backTopRight);

% Dimension labels for the large prism
\path (frontTopLeft)
   -- node[left, pos=0.5] {3 in}
      (frontBottomLeft)
   -- node[below left, pos=0.3] {6 in}
      (frontBottomRight);

\path (frontBottomLeft)
   -- node[below right, pos=0.3] {4 in}
      (backBottomLeft);

% Dimension labels for the removed piece
\path (cutoutFrontBottom)
   -- node[below, pos=0.5] {2 in}
      (frontBottomRight);

\path (cutoutBackBottom)
   -- node[below right, pos=0.5] {2 in}
      (backBottomRight);

\path (cutoutBackBottom)
   -- node[right, pos=0.5] {3 in}
      (cutoutBackTop);

\end{tikzpicture}
\end{document}"
All (IRR),,Yes,No,N/A,No,N/A,Yes,,Yes,Yes,No,N/A,Yes,"rectangular prism made of unit cubes, 3 units by 5 units by 2 units, show all unit cubes",rectangular prism,https://2xavun1dsa0sayar.public.blob.vercel-storage.com/visuals/vis_final-kXZ5KJOOmDNTfbYYyfmisvEyGchFic.svg,"\documentclass{IM}
\begin{document}

\newcommand\Ucube[5]{
\begin{scope}[scale=.25,shift={(#1,#2,#3)},xshift=#4 in ,yshift=#5 in]
\draw[rounded corners=.1mm,fill=LBlue] (0,0,1)--(1,0,1)--(1,1,1)--(0,1,1)--cycle;
\draw[rounded corners=.1mm,fill=LBlue] (0,1,0)--(1,1,0)--(1,1,1)--(0,1,1)--cycle;
\draw[rounded corners=.1mm,fill=LBlue] (1,0,0)--(1,1,0)--(1,1,1)--(1,0,1)--cycle;
\end{scope}
}

%%3 by 5 by 2
\begin{tikzpicture}[x=1in, y=1in, z=(45:-.4)]
\clip (-\QP/2,-\QP/2) rectangle (\QP/2,\QP/2);
\def\xchange{-1.5}
\def\ychange{-2.5}
\foreach \x in {0,1,2}{
\foreach \y in {0,1,2,3,4}{
\foreach \z in {-1,0}{
\Ucube{\x}{\y}{\z}{\xchange}{\ychange};
}}}
\end{tikzpicture}

\end{document}"
All (IRR),,Yes,No,N/A,Yes,,Yes,,Yes,Yes,Yes,,Yes,"rectangular prism, 1 cm × 2 cm × 12 cm, labeled dimensions",rectangular prism,https://2xavun1dsa0sayar.public.blob.vercel-storage.com/visuals/vis_final-ZjRlZeTE8eLvV5cvzc8FI5jtCUq6qA.svg,"\documentclass{IM}
\usepackage{tikz}
\begin{document}

\begin{tikzpicture}[x=(-5:0.76*0.16in), y={(32:1.1*0.16in)}, z=(90:0.16in)]

\def\dimX{12} % Length: 12 cm
\def\dimY{2}  % Width: 2 cm  
\def\dimZ{1}  % Height: 1 cm

\coordinate (frontBottomLeft) at (0,0,0);
\coordinate (frontBottomRight) at (\dimX,0,0);
\coordinate (frontTopLeft) at (0,0,\dimZ);
\coordinate (frontTopRight) at (\dimX,0,\dimZ);

\tikzstyle{toBack}=[shift={(0,\dimY,0)}]
\coordinate (backBottomLeft) at ([toBack]frontBottomLeft);
\coordinate (backBottomRight) at ([toBack]frontBottomRight);
\coordinate (backTopLeft) at ([toBack]frontTopLeft);
\coordinate (backTopRight) at ([toBack]frontTopRight);

% Solid edges
\draw (frontBottomLeft) -- (frontBottomRight) -- (frontTopRight) -- (frontTopLeft) -- cycle;
\draw (frontBottomRight) -- (backBottomRight) -- (backTopRight) -- (backTopLeft) -- (frontTopLeft);
\draw (frontTopRight) -- (backTopRight);

% Dotted edges
\draw[dotted] (frontBottomLeft) -- (backBottomLeft) -- (backBottomRight);
\draw[dotted] (backBottomLeft) -- (backTopLeft);

% Labels
\path (frontTopLeft)
   -- node[left, pos=0.5] {1 cm}
      (frontBottomLeft)
   -- node[below left, pos=0.5] {12 cm}
      (frontBottomRight)
   -- node[below right, pos=0.5] {2 cm}
      (backBottomRight);

\end{tikzpicture}

\end{document}"
All (IRR),,Yes,No,N/A,Yes,,Yes,,Yes,Yes,No,,No,"rectangular prism, 4 units length, 3 units width, 5 units height, unit cubes visible, clear dimensional labeling",rectangular prism,https://2xavun1dsa0sayar.public.blob.vercel-storage.com/visuals/vis_final-ppnrxL98je8fFpByG491GgMa1wf17K.svg,"\documentclass{IM}
\usepackage{tikz}
\begin{document}

\newcommand\Ucube[5]{
\begin{scope}[scale=.25,shift={(#1,#2,#3)},xshift=#4 in ,yshift=#5 in]
\draw[rounded corners=.1mm,fill=LBlue] (0,0,1)--(1,0,1)--(1,1,1)--(0,1,1)--cycle;
\draw[rounded corners=.1mm,fill=LBlue] (0,1,0)--(1,1,0)--(1,1,1)--(0,1,1)--cycle;
\draw[rounded corners=.1mm,fill=LBlue] (1,0,0)--(1,1,0)--(1,1,1)--(1,0,1)--cycle;
\end{scope}
}

\newcommand\Outline[5]{
\begin{scope}[scale=.25,xshift=#4 in ,yshift=#5 in]
\draw[very thick,rounded corners=.1mm] (0,0,#3)--(#1,0,#3)--(#1,#2,#3)--(0,#2,#3)--cycle;
\draw[very thick,rounded corners=.1mm] (0,#2,0)--(#1,#2,0)--(#1,#2,#3)--(0,#2,#3)--cycle;
\draw[very thick,rounded corners=.1mm] (#1,0,0)--(#1,#2,0)--(#1,#2,#3)--(#1,0,#3)--cycle;
\end{scope}
}

\begin{tikzpicture}[x=1in,y=1in,z=(45:-.5),scale=0.75]
\clip (-\HP/2,-\THP/2) rectangle (\HP/2,1.5);
\def\xchange{-2}
\def\ychange{-2}

% Draw all unit cubes: 4 length × 3 width × 5 height
\foreach \x in {0,...,3}{
\foreach \y in {0,...,2}{
\foreach \z in {0,...,4}{
\Ucube{\x}{\y}{\z}{\xchange}{\ychange}
}}}

% Draw outline
\Outline{4}{3}{5}{\xchange}{\ychange}

% Add dimensional labels
\node[above] at (-1.5,0.8) {4 units};
\node[right] at (-0.3,-0.5) {3 units};
\node[left] at (-2.3,0.3) {5 units};

\end{tikzpicture}
\end{document}"
All (IRR),,Yes,No,N/A,No,N/A,Yes,,Yes,Yes,No,N/A,Yes,"rectangular prism 6x4x3, only front layer visible with unit cubes",rectangular prism,https://2xavun1dsa0sayar.public.blob.vercel-storage.com/visuals/vis_final-vGzjR5zSht4z9U9XpPFNY8J3HBVt9E.svg,"\documentclass{IM}
\usepackage{tikz}
\begin{document}

\newcommand\Ucube[5]{
\begin{scope}[scale=.25,shift={(#1,#2,#3)},xshift=#4 in ,yshift=#5 in]
\draw[rounded corners=.1mm,fill=LBlue] (0,0,1)--(1,0,1)--(1,1,1)--(0,1,1)--cycle;
\draw[rounded corners=.1mm,fill=LBlue] (0,1,0)--(1,1,0)--(1,1,1)--(0,1,1)--cycle;
\draw[rounded corners=.1mm,fill=LBlue] (1,0,0)--(1,1,0)--(1,1,1)--(1,0,1)--cycle;
\end{scope}
}

\newcommand\Outline[5]{
\begin{scope}[scale=.25,xshift=#4 in ,yshift=#5 in]
\draw[very thick,rounded corners=.1mm] (0,0,#3)--(#1,0,#3)--(#1,#2,#3)--(0,#2,#3)--cycle;
\draw[very thick,rounded corners=.1mm] (0,#2,0)--(#1,#2,0)--(#1,#2,#3)--(0,#2,#3)--cycle;
\draw[very thick,rounded corners=.1mm] (#1,0,0)--(#1,#2,0)--(#1,#2,#3)--(#1,0,#3)--cycle;
\end{scope}
}

\begin{tikzpicture}[x=1in,y=1in,z=(45:-.4),scale=.8]
\clip (-\HP/2,-\HP/2) rectangle (\HP/2,\HP/2);
\def\xchange{-2}
\def\ychange{-1.5}

% Draw only the front layer (z=0) of the 6x4x3 prism
\foreach \x in {0,...,5}{
\foreach \y in {0,...,3}{
\foreach \z in {0,...,0}{
\Ucube{\x}{\y}{\z}{\xchange}{\ychange};
}}}

% Draw the outline of the complete 6x4x3 prism
\Outline{6}{4}{3}{\xchange}{\ychange};

\end{tikzpicture}
\end{document}"
All (IRR),,Yes,No,N/A,No,N/A,Yes,,Yes,Yes,No,N/A,Yes,"rectangular prism made of unit cubes, 7 layers, 24 cubes per layer",rectangular prism,https://2xavun1dsa0sayar.public.blob.vercel-storage.com/visuals/vis_final-RUaba2elBalmyEFliiosgTU39BFxVF.svg,"\documentclass{IM}
\usepackage{tikz}

\newcommand\Ucube[5]{
\begin{scope}[scale=.25,shift={(#1,#2,#3)},xshift=#4 in ,yshift=#5 in]
\draw[rounded corners=.1mm,fill=LBlue] (0,0,1)--(1,0,1)--(1,1,1)--(0,1,1)--cycle;
\draw[rounded corners=.1mm,fill=LBlue] (0,1,0)--(1,1,0)--(1,1,1)--(0,1,1)--cycle;
\draw[rounded corners=.1mm,fill=LBlue] (1,0,0)--(1,1,0)--(1,1,1)--(1,0,1)--cycle;
\end{scope}
}

\newcommand\Outline[5]{
\begin{scope}[scale=.25,xshift=#4 in ,yshift=#5 in]
\draw[very thick,rounded corners=.1mm] (0,0,#3)--(#1,0,#3)--(#1,#2,#3)--(0,#2,#3)--cycle;
\draw[very thick,rounded corners=.1mm] (0,#2,0)--(#1,#2,0)--(#1,#2,#3)--(0,#2,#3)--cycle;
\draw[very thick,rounded corners=.1mm] (#1,0,0)--(#1,#2,0)--(#1,#2,#3)--(#1,0,#3)--cycle;
\end{scope}
}

\begin{document}

\begin{tikzpicture}[x=1in,y=1in,z=(45:-.4),scale=0.8]
\clip (-\HP/2,-\HP/2) rectangle (\HP/2,\HP/2);
\def\xchange{-2}
\def\ychange{-2.5}

% Create 7 layers with 24 cubes per layer (4x6 arrangement)
\foreach \x in {0,...,3}{
\foreach \y in {0,...,5}{
\foreach \z in {0,...,6}{
\Ucube{\x}{\y}{\z}{\xchange}{\ychange}
}}}

% Draw the outline of the rectangular prism
\Outline{4}{6}{7}{\xchange}{\ychange}

\end{tikzpicture}

\end{document}"
All (IRR),,Yes,No,N/A,Yes,,Yes,,Yes,Yes,Yes,,Yes,"rectangular prism, 6 x 2 x 7 units",rectangular prism,https://2xavun1dsa0sayar.public.blob.vercel-storage.com/visuals/vis_final-VCQTd07fVrtK8XTdlFZPF7yL67HzeK.svg,"\documentclass{IM}
\usepackage{tikz}
\begin{document}

% Adjust image size by changing \unitLength (everything adjusts automatically)
\def\unitLength{0.16in}

\begin{tikzpicture}[x=(-5:0.76*\unitLength), y={(32:1.1*\unitLength)}, z=(90:\unitLength)]

\def\dimX{6} % Dim in the x-dir
\def\dimY{2} % Dim in the y-dir
\def\dimZ{7} % Dim in the z-dir

\coordinate (frontBottomLeft) at (0,0,0);
\coordinate (frontBottomRight) at (\dimX,0,0);
\coordinate (frontTopLeft) at (0,0,\dimZ);
\coordinate (frontTopRight) at (\dimX,0,\dimZ);

\tikzstyle{toBack}=[shift={(0,\dimY,0)}]
\coordinate (backBottomLeft) at ([toBack]frontBottomLeft);
\coordinate (backBottomRight) at ([toBack]frontBottomRight);
\coordinate (backTopLeft) at ([toBack]frontTopLeft);
\coordinate (backTopRight) at ([toBack]frontTopRight);

% Solid edges
\draw (frontBottomLeft) -- (frontBottomRight) -- (frontTopRight) -- (frontTopLeft) -- cycle;
\draw (frontBottomRight) -- (backBottomRight) -- (backTopRight) -- (backTopLeft) -- (frontTopLeft);
\draw (frontTopRight) -- (backTopRight);

% dotted edges
\draw[dotted] (frontBottomLeft) -- (backBottomLeft) -- (backBottomRight);
\draw[dotted] (backBottomLeft) -- (backTopLeft);

% labels
\path (frontTopLeft)
   -- node[left, pos=0.5] {$\dimZ$}
      (frontBottomLeft)
   -- node[below left, pos=0.6] {$\dimX$}
      (frontBottomRight)
   -- node[below right, pos=0.5] {$\dimY$}
      (backBottomRight);

\end{tikzpicture}
\end{document}"
All (IRR),,Yes,No,N/A,No,N/A,Yes,,Yes,Yes,No,N/A,Yes,"3D rectangular prism figure, two stacked rectangular prisms, bottom prism 5×7×4, top prism 3×5×2",rectangular prism,https://2xavun1dsa0sayar.public.blob.vercel-storage.com/visuals/vis_final-og7Ahb2IPG2CmH5fRGmwqPlfRm0AYI.svg,"\documentclass{IM}
\usepackage{tikz}
\begin{document}

\newcommand\Ucube[5]{
\begin{scope}[scale=.25,shift={(#1,#2,#3)},xshift=#4 in ,yshift=#5 in]
\draw[rounded corners=.1mm,fill=LBlue] (0,0,1)--(1,0,1)--(1,1,1)--(0,1,1)--cycle;
\draw[rounded corners=.1mm,fill=LBlue] (0,1,0)--(1,1,0)--(1,1,1)--(0,1,1)--cycle;
\draw[rounded corners=.1mm,fill=LBlue] (1,0,0)--(1,1,0)--(1,1,1)--(1,0,1)--cycle;
\end{scope}
}

\newcommand\Outline[5]{
\begin{scope}[scale=.25,xshift=#4 in ,yshift=#5 in]
\draw[very thick,rounded corners=.1mm] (0,0,#3)--(#1,0,#3)--(#1,#2,#3)--(0,#2,#3)--cycle;
\draw[very thick,rounded corners=.1mm] (0,#2,0)--(#1,#2,0)--(#1,#2,#3)--(0,#2,#3)--cycle;
\draw[very thick,rounded corners=.1mm] (#1,0,0)--(#1,#2,0)--(#1,#2,#3)--(#1,0,#3)--cycle;
\end{scope}
}

\begin{tikzpicture}[x=1in, y=1in, z=(45:-.4)]
\clip (-2,-1.5) rectangle (2,2);

\def\xchange{-2}
\def\ychange{-1}

% Bottom prism: 5×7×4 (width=5, length=7, height=4)
\foreach \x in {0,...,4}{
\foreach \y in {0,...,6}{
\foreach \z in {0,...,3}{
\Ucube{\x}{\y}{\z}{\xchange}{\ychange}
}}}

% Top prism: 3×5×2 (width=3, length=5, height=2) positioned on top
\foreach \x in {1,...,3}{
\foreach \y in {1,...,5}{
\foreach \z in {4,...,5}{
\Ucube{\x}{\y}{\z}{\xchange}{\ychange}
}}}

% Outline for bottom prism
\Outline{5}{7}{4}{\xchange}{\ychange};

% Outline for top prism
\begin{scope}[scale=.25,xshift=\xchange in ,yshift=\ychange in]
\draw[very thick,rounded corners=.1mm] (1,1,6)--(4,1,6)--(4,6,6)--(1,6,6)--cycle;
\draw[very thick,rounded corners=.1mm] (1,6,4)--(4,6,4)--(4,6,6)--(1,6,6)--cycle;
\draw[very thick,rounded corners=.1mm] (4,1,4)--(4,6,4)--(4,6,6)--(4,1,6)--cycle;
\end{scope}

\end{tikzpicture}
\end{document}"
All (IRR),,Yes,No,N/A,No,N/A,Yes,,No,Yes,No,N/A,No,"Draw a 4 × 2 × 1 rectangular prism made of unit cubes. Attach a 2 × 2 × 2 prism on top of the right side of the base prism. Cube outlines only, no shading, no colors.",rectangular prism,https://2xavun1dsa0sayar.public.blob.vercel-storage.com/visuals/vis_final-Aj9WbU4GanSqZiGmHCs4lWpfWElUJm.svg,"\documentclass{IM}
\usepackage{tikz}
\begin{document}

\newcommand\Ucube[5]{
\begin{scope}[scale=.25,shift={(#1,#2,#3)},xshift=#4 in ,yshift=#5 in]
\draw[rounded corners=.1mm] (0,0,1)--(1,0,1)--(1,1,1)--(0,1,1)--cycle;
\draw[rounded corners=.1mm] (0,1,0)--(1,1,0)--(1,1,1)--(0,1,1)--cycle;
\draw[rounded corners=.1mm] (1,0,0)--(1,1,0)--(1,1,1)--(1,0,1)--cycle;
\end{scope}
}

\begin{tikzpicture}[x=1in, y=1in, z=(45:-.4)]
\clip (-\QP/2,-\QP/2) rectangle (\QP/2,\QP/2);
\def\xchange{-2}
\def\ychange{-2.5}

% Base prism: 4 × 2 × 1 (width × depth × height)
\foreach \x in {0,...,3}{
\foreach \y in {0,...,1}{
\foreach \z in {0,...,0}{
\Ucube{\x}{\y}{\z}{\xchange}{\ychange};
}}}

% Top prism: 2 × 2 × 2 attached on top of right side of base
\foreach \x in {2,...,3}{
\foreach \y in {0,...,1}{
\foreach \z in {1,...,2}{
\Ucube{\x}{\y}{\z}{\xchange}{\ychange};
}}}

\end{tikzpicture}
\end{document}"
All (IRR),,Yes,No,N/A,Yes,,Yes,,Yes,No,Yes,,Yes,cube with side length 5 units,cube,https://2xavun1dsa0sayar.public.blob.vercel-storage.com/visuals/vis_final-IDRgiPtquMUV9RiuoZWLgUBUVgjddt.svg,"\documentclass{IM}
\usepackage{tikz}
\begin{document}
\begin{tikzpicture}[x=1in,y=1in,z=-.3in]

\def\x{5}
\def\y{5}
\def\z{5}
\def\pers{1.2}

% Draw the visible faces of the cube
\draw[thick] (0,0)--(\x,0)--(\x,\y)--(0,\y)--(0,0);
\draw[thick] (0,\y)--(0,\y,-\z*\pers)--(\x,\y,-\z*\pers)--(\x,\y);
\draw[thick] (\x,0)--(\x,0,-\z*\pers)--(\x,\y,-\z*\pers);

% Draw the hidden edges with dotted lines
\draw[dotted,thick] (0,0)--(0,0,-\z*\pers);
\draw[dotted,thick] (0,0,-\z*\pers)--(\x,0,-\z*\pers);
\draw[dotted,thick] (0,0,-\z*\pers)--(0,\y,-\z*\pers);

% Add dimension labels
\node[below] at (\x/2,0) {5 units};
\node[right] at (\x,\y/2,-\z*\pers/2) {5 units};
\node[above left] at (0,\y/2,-\z*\pers/2) {5 units};

\end{tikzpicture}
\end{document}"
All (IRR),,Yes,No,N/A,No,N/A,Yes,,Yes,Yes,No,N/A,No,"3D figure made of unit cubes: Layer 1 has 6×2 cubes flat on base, Layer 2 has identical 6×2 layer stacked on top, then add 2×2×2 cube section underneath at left end, simple cube outline diagram, no shading, no color, no labels",cube,https://2xavun1dsa0sayar.public.blob.vercel-storage.com/visuals/vis_final-Vig36UrrffN5gDaXczQfMqzFOtAC2e.svg,"\documentclass{IM}
\usepackage{tikz}
\begin{document}
\begin{tikzpicture}[x=0.3cm, y=0.3cm, z=0.2cm]

% Define coordinates for the main 6x2x2 structure
% Bottom layer (6x2 on base)
\coordinate (A1) at (0,0,0);
\coordinate (A2) at (6,0,0);
\coordinate (A3) at (6,2,0);
\coordinate (A4) at (0,2,0);

% Top of bottom layer
\coordinate (B1) at (0,0,1);
\coordinate (B2) at (6,0,1);
\coordinate (B3) at (6,2,1);
\coordinate (B4) at (0,2,1);

% Top layer (6x2 on top)
\coordinate (C1) at (0,0,2);
\coordinate (C2) at (6,0,2);
\coordinate (C3) at (6,2,2);
\coordinate (C4) at (0,2,2);

% 2x2x2 cube section underneath at left end
\coordinate (D1) at (0,0,-2);
\coordinate (D2) at (2,0,-2);
\coordinate (D3) at (2,2,-2);
\coordinate (D4) at (0,2,-2);

\coordinate (E1) at (0,0,-1);
\coordinate (E2) at (2,0,-1);
\coordinate (E3) at (2,2,-1);
\coordinate (E4) at (0,2,-1);

% Draw the main 6x2x2 structure
% Bottom face
\draw (A1) -- (A2) -- (A3) -- (A4) -- cycle;

% Middle level
\draw (B1) -- (B2) -- (B3) -- (B4) -- cycle;

% Top face
\draw (C1) -- (C2) -- (C3) -- (C4) -- cycle;

% Vertical edges of main structure
\draw (A1) -- (B1) -- (C1);
\draw (A2) -- (B2) -- (C2);
\draw (A3) -- (B3) -- (C3);
\draw (A4) -- (B4) -- (C4);

% Front face of main structure
\draw (A1) -- (A2) -- (B2) -- (B1) -- cycle;
\draw (B1) -- (B2) -- (C2) -- (C1) -- cycle;

% Right face of main structure
\draw (A2) -- (A3) -- (B3) -- (B2) -- cycle;
\draw (B2) -- (B3) -- (C3) -- (C2) -- cycle;

% Draw the 2x2x2 cube section underneath
% Bottom face of cube
\draw (D1) -- (D2) -- (D3) -- (D4) -- cycle;

% Middle level of cube
\draw (E1) -- (E2) -- (E3) -- (E4) -- cycle;

% Top face of cube (connects to main structure)
\draw (A1) -- (E1);
\draw (A4) -- (E4);

% Vertical edges of cube
\draw (D1) -- (E1) -- (A1);
\draw (D2) -- (E2);
\draw (D3) -- (E3);
\draw (D4) -- (E4) -- (A4);

% Front face of cube
\draw (D1) -- (D2) -- (E2) -- (E1) -- cycle;

% Right face of cube
\draw (D2) -- (D3) -- (E3) -- (E2) -- cycle;

% Additional connecting edge
\draw (E2) -- (2,0,0);
\draw (E3) -- (2,2,0);
\draw (2,0,0) -- (2,2,0);

% Hidden edges (dotted)
\draw[dotted] (A4) -- (A3);
\draw[dotted] (B4) -- (B3);
\draw[dotted] (C4) -- (C3);
\draw[dotted] (D4) -- (D3);
\draw[dotted] (E4) -- (E3);

\end{tikzpicture}
\end{document}"
All (IRR),,Yes,No,N/A,No,,Yes,,Yes,Yes,Yes,,Yes,"cube, 7 inches on each side, labeled dimensions",cube,https://2xavun1dsa0sayar.public.blob.vercel-storage.com/visuals/vis_final-MjGtctKAgXodJI5V1GI01xcsFEErDA.svg,"\documentclass{IM}
\usepackage{tikz}
\begin{document}

\begin{tikzpicture}[x=(-5:0.16in), y={(32:0.176in)}, z=(90:0.16in)]

\def\dimX{7} % Dim in the x-dir
\def\dimY{7} % Dim in the y-dir
\def\dimZ{7} % Dim in the z-dir

\coordinate (frontBottomLeft) at (0,0,0);
\coordinate (frontBottomRight) at (\dimX,0,0);
\coordinate (frontTopLeft) at (0,0,\dimZ);
\coordinate (frontTopRight) at (\dimX,0,\dimZ);

\tikzstyle{toBack}=[shift={(0,\dimY,0)}]
\coordinate (backBottomLeft) at ([toBack]frontBottomLeft);
\coordinate (backBottomRight) at ([toBack]frontBottomRight);
\coordinate (backTopLeft) at ([toBack]frontTopLeft);
\coordinate (backTopRight) at ([toBack]frontTopRight);

% Solid edges
\draw (frontBottomLeft) -- (frontBottomRight) -- (frontTopRight) -- (frontTopLeft) -- cycle;
\draw (frontBottomRight) -- (backBottomRight) -- (backTopRight) -- (backTopLeft) -- (frontTopLeft);
\draw (frontTopRight) -- (backTopRight);

% dotted edges
\draw[dotted] (frontBottomLeft) -- (backBottomLeft) -- (backBottomRight);
\draw[dotted] (backBottomLeft) -- (backTopLeft);

% labels
\path (frontTopLeft)
   -- node[left, pos=0.5] {7 in}
      (frontBottomLeft)
   -- node[below left, pos=0.6] {7 in}
      (frontBottomRight)
   -- node[below right, pos=0.5] {7 in}
      (backBottomRight);

\end{tikzpicture}
\end{document}"
All (IRR),,Yes,No,N/A,No,N/A,Yes,,Yes,Yes,No,N/A,Yes,two dot cubes showing 3 and 4 dots,cube,https://2xavun1dsa0sayar.public.blob.vercel-storage.com/visuals/vis_final-SkMS3Oa9uESRlMl5pbfBjlHt94ue9j.svg,"\documentclass{IM}
\usepackage{tikz}
\begin{document}
%%Dice 3 and 4
\begin{tikzpicture}[x=1in,y=1in]
\clip (-\HP/2,-\QP/3) rectangle (\HP/2,\QP/3);
\begin{scope}[xshift=-.75 in]
\foreach \x/\y in {
-.3/-.3,
0/0,
.3/.3
}{
\draw[fill=LBlue] (\x,\y) circle (.125);
}
\draw (-.5,-.5) rectangle(.5,.5);
\end{scope}
\begin{scope}[xshift=.75 in]
\foreach \x/\y in {
-.3/.3,
-.3/-.3,
.3/.3,
.3/-.3
}{
\draw[fill=LBlue] (\x,\y) circle (.125);
}
\draw (-.5,-.5) rectangle(.5,.5);
\end{scope}

\end{tikzpicture}
\end{document}"